Transaction Date,Type,Coin,Status,Fee,Amount,Address,Txid,Aud
1/12/2022 11:35,Receive,VTHO,Complete,,0.00978243,,,1.519E-05
29/11/2022 11:16,Receive,ONG,Complete,,0.01117687,,,0.004393135
31/10/2022 13:34,Receive,ONG,Complete,,0.0110411,,,0.00565153
31/10/2022 12:19,Receive,VTHO,Complete,,0.00974824,,,2.11336E-05
26/09/2022 22:01,Receive,ONG,Complete,,0.01115571,,,0.005746361
26/09/2022 13:23,Receive,VTHO,Complete,,0.00968177,,,2.15428E-05
30/08/2022 12:07,Receive,ONG,Complete,,0.01112055,,,0.006078903
30/08/2022 11:16,Receive,VTHO,Complete,,0.00970427,,,2.3375E-05
29/07/2022 12:11,Receive,ONG,Complete,,0.01054595,,,0.006280232
29/07/2022 11:05,Receive,VTHO,Complete,,0.00970847,,,2.91693E-05
1/07/2022 11:02,Receive,ONG,Complete,,0.00987502,,,0.005334529
1/07/2022 10:22,Receive,VTHO,Complete,,0.00949681,,,2.10077E-05
1/06/2022 23:53,Receive,USDT,Complete,,200,0xd952beecffc6bc1228e83d0457d25d5a39555abf,0xf7b86858aad6b35e2b8284cc873dd0163a948e570c3fb396b0c53e2239a3fcb0,275.42405
30/05/2022 16:22,Receive,LUNA2,Complete,,0.04285159,,,0.34
30/05/2022 10:26,Receive,VTHO,Complete,,0.0092754,,,2.55259E-05
29/05/2022 14:15,Receive,ONG,Complete,,0.00820848,,,0.004718257
28/04/2022 13:20,Receive,ONG,Complete,,0.00818473,,,0.008615195
28/04/2022 12:17,Receive,VTHO,Complete,,0.00918842,,,4.76953E-05
31/03/2022 9:10,Receive,VTHO,Complete,,0.00905963,,,7.47043E-05
30/03/2022 17:51,Receive,SOLO,Complete,,0.00445634,,,0
29/03/2022 10:05,Receive,ONG,Complete,,0.00906363,,,0.010642585
2/03/2022 12:38,Receive,VTHO,Complete,,0.00881919,,,4.34988E-05
28/02/2022 11:16,Receive,ONG,Complete,,0.00842314,,,0.008966778
31/01/2022 21:12,Receive,ONG,Complete,,0.00859626,,,0.007683967
31/01/2022 20:18,Receive,VTHO,Complete,,0.00861085,,,4.20683E-05
31/12/2021 9:18,Receive,ONG,Complete,,0.00986493,,,0.010659987
31/12/2021 8:41,Receive,VTHO,Complete,,0.00853731,,,7.73968E-05
18/11/2021 12:24,Receive,ONG,Complete,,0.00975355,,,0.016556238
18/11/2021 11:39,Receive,VTHO,Complete,,0.00862339,,,0.00011241
29/10/2021 13:11,Receive,ONG,Complete,,0.01033832,,,0.01625398
29/10/2021 11:37,Receive,VTHO,Complete,,0.00867914,,,0.000111386
7/10/2021 16:05,Receive,SGB,Complete,,0.1511,,,0.123902
23/09/2021 12:48,Receive,ONG,Complete,,0.00943986,,,0.014664842
21/09/2021 16:29,Receive,VTHO,Complete,,0.00872046,,,9.75042E-05
26/08/2021 10:38,Receive,VTHO,Complete,,0.00871006,,,0.000148819
26/08/2021 10:00,Receive,ONG,Complete,,0.00911898,,,0.015226641
25/07/2021 14:09,Send,MATIC,Complete,12,-52.74208566,0x57a0DD27C4af7c87d142Bb9FC8De83fe929F1AeB,0xcb2301bcb8858ce4affa738ef4b4cc9f787431e0b3d3f124f768f09fb0c95754,68.35330236
23/07/2021 14:17,Receive,ONG,Complete,,0.00924595,,,0.008619631
23/07/2021 11:51,Receive,VTHO,Complete,,0.00869855,,,6.10269E-05
28/06/2021 14:06,Receive,VTHO,Complete,,0.00757075,,,6.2953E-05
28/06/2021 10:49,Receive,ONG,Complete,,0.00542992,,,0.004036159
15/05/2021 11:44,Receive,ONG,Complete,,0.00546591,,,0.006051487
15/05/2021 11:17,Receive,VTHO,Complete,,0.00783326,,,0.000147168
6/05/2021 22:33,Receive,KMD,Complete,,150.098533,,d3364005d1dd7a3904beee7b90d13071c12834ce07794ce952676f5d773dc361,666.7964442
4/05/2021 10:11,Receive,ONG,Complete,,0.00469705,,,0.006143879
26/04/2021 15:48,Receive,VTHO,Complete,,0.00793959,,,0.000175853
7/04/2021 23:13,Send,ETH,Complete,0.01,-2.31813972,0x57a0DD27C4af7c87d142Bb9FC8De83fe929F1AeB,0xcc0cec8ec8cc147b657511a4215f944b4db081adb9fc514ccfa3167ada0c1a9f,6169.411764
1/04/2021 22:54,Receive,AION,Complete,,2498.99979,,0x1dfdf0567fade92331a8a160b2a889072a697a44bad4ddcee09403a727657937,1118.2555
24/03/2021 19:33,Send,ETH,Complete,0.01,-1.48435363,0xa4e2c583fb4a26b592082599fca08e7cc21f5039,0xddca05e2f546baaf139cb56b7dd0b50d8810d12c2bb7aa7069a9813ffc5c210d,3396.904028
24/03/2021 19:25,Receive,ETH,Complete,,1.48435363,0x274f3c32c90517975e29dfc209a23f315c1e5fc7,0xd9ecfc53b6f319e3ceef39d3af2e491f25485fa9ee3a977f009105a4408e9607,3327.359332
19/03/2021 11:50,Send,ETH,Complete,0.01,-1.6210112,0x97de6AB414E745977B1e7d18A94D16DB5B8a1F14,0x1f2a6e35073cdf32054e285ebbdcaeb3200a97fc4fa05a84893331e030871016,3752.262476
19/03/2021 11:26,Send,BTC,Complete,0.0003,-0.06885295,bc1qj964hfds0m6pdxm8ypvan4t4guj3n52uardvv2,6a8e99bc5a131dcfc02f3f836e7c5c299bc302ed9751a82c8b4ef40d32a7736b,5074.022855
16/03/2021 11:27,Receive,ONG,Complete,,0.00487375,,,0.004757003
16/03/2021 11:09,Receive,VTHO,Complete,,0.00756842,,,0.000117376
22/02/2021 11:37,Receive,ONG,Complete,,0.00549441,,,0.00443238
22/02/2021 11:26,Receive,VTHO,Complete,,0.00762037,,,6.66852E-05
19/02/2021 20:25,Receive from dheeraj.kalkar@gmail.com,TRX,Complete,,3.003,,,0.2390026
19/02/2021 20:20,Send,TRX,Complete,,-3.003,TV9dB1yjPME2xyibwLfzXRc4aBsby3XDQE,,0.24054637
12/02/2021 14:08,Send,FTM,Complete,100,-84289.68954,0x9e9d9114f2f5b9b430096300ec8a1bcc1d480339,Exchange Send,20224.55366
12/02/2021 12:48,Receive,FTM,Complete,,84289.68954,0x9a8c4bdcd75cfa1059a6e453ac5ce9d3f5c82a35,0x6befe022414859d229b42d60137940a6e334149bf8e370551bcc078cfeffadfb,20842.40172
8/02/2021 20:46,Receive,GVT,Complete,,121.1653,0x121ea4edcd7fcc9dcdc0ca7bbcec8d34923285fc,0xef7135b543aafea15b84f4493d3109adf227bcda4a06463164fc3a7134ec6daf,498.6496733
29/01/2021 12:51,Send,FTM,Complete,125,-984.031579,0x76EFfcD3D06AC181918473083588AF43cb89D2a1,0x2a77e8ee67c82197de8ba6830336c4acefdae7876c7351c9a71927c3d8e355f0,174.9972584
28/01/2021 22:49,Receive,CHR,Complete,,10074.5773,0xa1d8d972560c2f8144af871db508f0b0b10a3fbf,0x4d43d24a85597651c9bfd79632e5a45acd57e6e3343ac1b7136d15722425445f,462.6820147
20/01/2021 12:38,Receive,ONG,Complete,,0.00544447,,,0.001785725
20/01/2021 12:22,Receive,VTHO,Complete,,0.00758689,,,1.40261E-05
5/01/2021 21:49,Receive,ETH,Complete,,0.469029071,0x57a0dd27c4af7c87d142bb9fc8de83fe929f1aeb,0x81fd6471342f42f54f243628b1ffd6c976d89ba035144d7e9a84aadc544b250e,617.2270873
1/01/2021 9:53,Receive,UNI,Complete,,104.914823,0x57a0dd27c4af7c87d142bb9fc8de83fe929f1aeb,0x79924006e52aa112d4d3e9732d569041b04a7d83fb834f2e4315da715e0c54ff,709.5403966
15/12/2020 21:32,Receive,ONG,Complete,,0.00585428,,,0.001663918
15/12/2020 21:26,Receive,VTHO,Complete,,0.00804746,,,8.78131E-06
15/11/2020 10:46,Receive,ONG,Complete,,0.00628724,,,0.001038845
15/11/2020 10:36,Receive,VTHO,Complete,,0.00826413,,,8.33537E-06
15/10/2020 22:46,Receive,ONG,Complete,,0.00646125,,,0.001122757
15/10/2020 22:29,Receive,VTHO,Complete,,0.00843546,,,8.86558E-06
19/09/2020 16:16,Send,ETH,Complete,0.005,-2,0x57a0DD27C4af7c87d142Bb9FC8De83fe929F1AeB,0x81476107950248c1f67db7e7039e3716b389c509c5fd1615741e2c19f3d55f73,1081.91461
18/09/2020 13:55,Receive,ETH,Complete,,2,0x57a0dd27c4af7c87d142bb9fc8de83fe929f1aeb,0x0b3ca93aaeb53b2289e4f26f918f9e5f6979af315d8d10a2cd2f1017e11b6430,1051.693694
17/09/2020 18:01,Send,ETH,Complete,0.005,-0.6769184,0x57a0DD27C4af7c87d142Bb9FC8De83fe929F1AeB,0x3fa882bfeb6d92c72f9ab7552fa0b457d8c9b574efad95fc9a39a029c8c94288,366.820522
15/09/2020 12:39,Receive,ONG,Complete,,0.00678562,,,0.001479161
15/09/2020 12:33,Receive,VTHO,Complete,,0.00869898,,,1.10537E-05
14/08/2020 17:20,Receive,VTHO,Complete,,0.84187322,,,0.001762318
14/08/2020 17:16,Receive,ONG,Complete,,0.00712839,,,0.001907039
12/08/2020 9:49,Send,ETH,Complete,0.004,-0.09048627,0x57a0DD27C4af7c87d142Bb9FC8De83fe929F1AeB,0xbf4e8ec0cbdf217e66ea430c0ec4088dcfe7e5ab4cfca394a264563ad5616ad8,49.826667
10/08/2020 12:52,Send,UTK,Complete,17.23,-12963.95118,0x7a3d0806487a38ab5672a9a25d80bb06b8a8ed25,0xe103a3e99836501e54be805ba3e0d2ac82abefa9bb1e268be2e2617a65667e28,1880.996847
2/08/2020 15:15,Send,BNB,Complete,0.001,-6.26370184,bnb136ns6lfw4zs5hg4n85vdthaad7hq5m4gtkgf23,Exchange Send,186.74625
31/07/2020 13:41,Send,FTM,Complete,2.77,-40000,bnb1cl6fr9ccgqj4ez54katlttar5005gje69nhtuc,9EEFFE16532BF1652CC9905FDDD79DC5388E8CDD6F86023952F3496F62F29F6C,783.0804
30/07/2020 0:15,Send,ETH,Complete,0.004,-1.00958109,0x57a0DD27C4af7c87d142Bb9FC8De83fe929F1AeB,0xad3549d883589e781482bc9dd36398f54acf5d2acd079c23c398a950c3727192,471.54116
25/07/2020 23:31,Send,CRO,Complete,1,-5490,0xEFC4020fEe7B1fFb26C65892763BD4506B8db40b,0x57d3a162cd48a909846bd561a953dc1fd99b3d10b41545c7d0559615935b1ec1,1204.778688
24/07/2020 16:00,Send,MCO,Complete,0.4,-270.0305146,0xEFC4020fEe7B1fFb26C65892763BD4506B8db40b,0x52c9921134b38949996d273d67fe744d4bd8cadac8d74c00cc8dd56d96a9bd8f,1615.982061
21/07/2020 15:42,Send,BTC,Complete,0.0003,-0.01108089,1DSmZXwtv3JCaE5DDgM5Z4vsK1KtQVKzDg,bbce549ab349884da1d2d09f4ed15ed1db3acb61cd97d377e694d5eaa4e7bc09,148.493444
19/07/2020 21:53,Send,BTC,Complete,0.0003,-0.00973127,3KEVUnLYv6t8YbceLMj3HwMeTsYRqPtbw3,29d1193c1f63a2e9e864b767cd22f28e3ad3553e6b8e08db0a340caf4fa7b273,130.223855
18/07/2020 17:28,Send,ONT,Complete,1,-6,ALhr2369LnMGtV4sK8a5sajP6rQAKbHAQ2,8fa7bddb54bc29106446b2b6088a1fdbc704eeacb2c566ff9427eadcf55d976a,6.587092
18/07/2020 1:02,Receive,CRO,Complete,,5497.539579,0x46340b20830761efd32832a74d7169b29feb9758,0x9d789caa22dad887f25fe5c48a487b26181fff891fb19a4a35afafd01aaae741,1113.358307
15/07/2020 23:13,Receive,ONG,Complete,,0.00714349,,,0.002023143
15/07/2020 23:03,Receive,VTHO,Complete,,1.0113318,,,0.000136621
7/07/2020 0:12,Send,BTC,Complete,0.0003,-0.01152722,3KEVUnLYv6t8YbceLMj3HwMeTsYRqPtbw3,6a0a7d66b6888cd8a3bd1174ba327ee409767947829618560307af33439371c3,156.604253
19/06/2020 14:25,Send,ZIL,Complete,0.01,-21207.44404,zil1cm5qnelj2gldzs65glxzzh4jz9efdwzew3ea8x,Exchange Send,688.8216
18/06/2020 11:10,Receive,ONG,Complete,,0.0077389,,,undefined
18/06/2020 11:05,Receive,VTHO,Complete,,1.15023165,,,undefined
11/06/2020 0:55,Send,ETH,Complete,0.004,-0.19242896,0xEFC4020fEe7B1fFb26C65892763BD4506B8db40b,0x70bfc2f37d3f524285c225e7db284818002487147efea41a93790e3ef08f5a4c,69.598881
10/06/2020 20:47,Send,EOS,Complete,0.1,-309.2278,cryptocomeos,7e1771f5b525f940e031d5bd070ca399ea8b298011535caac6594632c3f132a8,1258.554629
7/06/2020 14:17,Receive,EOS,Complete,,287.5467,uv2bmaar25kw,f2d6e40238bf68051944dba326311f416d4a2373e395f8d04f5119b6b22a2fe0,1152.82555
26/05/2020 0:17,Send,ICX,Complete,0.02,-1500.462196,hxff2d8d80684b7f2acb0af9c37ed5ff2d20f94796,0xf8b323b5288a2d1beb0a368df8a7cbc5b0625a05ff795e8a8d7d3f6db2663c9e,764.703536
25/05/2020 23:57,Send,BNB,Complete,0.001,-27.88165049,bnb136ns6lfw4zs5hg4n85vdthaad7hq5m4gtkgf23,Exchange Send,721.05297
15/05/2020 12:53,Receive,VTHO,Complete,,1.22125705,,,undefined
15/05/2020 11:46,Receive,ONG,Complete,,0.00849572,,,undefined
15/04/2020 16:13,Receive,ONG,Complete,,0.00881849,,,undefined
15/04/2020 15:51,Receive,VTHO,Complete,,1.26424465,,,undefined
24/03/2020 11:11,Send,LTC,Complete,0.001,-2.2,LPCcPLw3Cd5mN4R1Ss54GF2yNkiWLEGMhF,023fc16c9b858a1d1f34d3f14df9c577dd0e7afa8e00aebab94188400d6e41fd,153.269318
24/03/2020 11:03,Send,XTZ,Complete,0.005,-100.1952666,tz1aHfP2JqtxuumLyFYT2ksXMmtspDLYmHxG,ooM978nFD1FL1MdDMfT8KCYTRebT7YbS4yStSs6KigxbovovjEh,301.372741
24/03/2020 10:47,Send,LINK,Complete,0.5,-100.5,0x53080Bc6764c07B9D7e8F008F3c27253B3fca98b,0xe38922bb3dedb075f76d53b172baaba92cbbabe38e605f92e1997f3d211e0139,400.579786
24/03/2020 10:20,Send,BTC,Complete,0.0003,-0.42455149,bc1q7da6a35egkz0flh5nrte9s8dxcrvsl9xsmchvg,c01e23808694c47f605e868f3017d9b9a27f19d9eba1f212b0dd5f6309f8cb99,4851.798449
16/03/2020 17:19,Receive,VTHO,Complete,,1.24251848,,,undefined
16/03/2020 17:13,Receive,ONG,Complete,,0.00875332,,,undefined
17/02/2020 15:21,Receive,ONG,Complete,,0.0087421,,,undefined
17/02/2020 14:37,Receive,VTHO,Complete,,1.26547439,,,undefined
12/02/2020 23:55,Send,LINK,Complete,0.5,-406.5,0x53080Bc6764c07B9D7e8F008F3c27253B3fca98b,0x446ec72396ccc925d69678486d4d1d36e2b3703f05f44cd72d637b39392f330c,2570.858588
12/02/2020 23:53,Send,ETH,Complete,0.004,-3.39842181,0x53080Bc6764c07B9D7e8F008F3c27253B3fca98b,0xebcb77facc33871f70babf26047bc3f2bf18a4917ec9dcc38766f78df1622f52,1336.79024
25/01/2020 23:13,Send,MCO,Complete,0.2,-27.01,0xEFC4020fEe7B1fFb26C65892763BD4506B8db40b,0xa62e56c84f7c8d15d61084b62c631474d692b3fd120f7804282599afa2d61c99,186.508778
22/01/2020 22:47,Send,XLM,Complete,0.01,-2670,GB67TJFJO3GUA432EJ4JTODHFYSBTM44P4XQCDOFTXJNNPV2UKUJYVBF,df2bcdfb8055a0221dae95ab1d455c934264237b1658f76b5b8bdd7392fc6628,250.361414
15/01/2020 14:12,Receive,VTHO,Complete,,1.26103612,,,undefined
15/01/2020 14:06,Receive,ONG,Complete,,0.00871208,,,undefined
16/12/2019 12:14,Receive,ONG,Complete,,0.0083394,,,undefined
16/12/2019 11:52,Receive,VTHO,Complete,,1.17605303,,,undefined
15/11/2019 9:57,Receive,VTHO,Complete,,1.24216784,,,undefined
15/11/2019 9:46,Receive,ONG,Complete,,0.00851748,,,undefined
16/10/2019 16:11,Receive,ONG,Complete,,0.00846412,,,undefined
16/10/2019 16:09,Receive,VTHO,Complete,,1.23176474,,,undefined
2/10/2019 22:40,Send,XLM,Complete,0.01,-2244.01,GAHK7EEG2WWHVKDNT4CEQFZGKF2LGDSW2IVM4S5DP42RBW3K6BTODB4A,5d701e565fa84b0f5af9ef801d6cceef4379cf8125f14a4fcecbacfb8347595b,201.664578
27/09/2019 7:26,Send,BNB,Complete,0.001,-4.00388286,bnb136ns6lfw4zs5hg4n85vdthaad7hq5m4gtkgf23,E373229DDD131C6B6A5FA0B5126C368D95501346C0CCF45D2D3E9CE334BA936B,91.553334
25/09/2019 23:32,Send,ETH,Complete,0.004,-0.77799101,0x7a3d0806487a38ab5672a9a25d80bb06b8a8ed25,0xff6f037e771798531bef8aff7d06cac769171f4a4252ef78347da8e32ee04b74,197.363646
16/09/2019 0:39,Receive,ONG,Complete,,0.00835215,,,undefined
16/09/2019 0:36,Receive,VTHO,Complete,,1.26143112,,,undefined
16/09/2019 0:31,Receive,BTTC,Complete,,59.76,,,undefined
16/09/2019 0:06,Receive,GAS,Complete,,0.02921116,,,undefined
11/09/2019 17:41,Send,BNB,Complete,0.001,-11.04342773,bnb136ns6lfw4zs5hg4n85vdthaad7hq5m4gtkgf23,0CDD774C769CD65629EF809494F839DC1AE7285825507F96750FC7998AABB454,353.480328
24/08/2019 11:41,Send,WAN,Complete,0.1,-880.1,0xa85ab820f5fed164b9d1832226f4ce9a34a4655b,0x2977bb1e8cc5bb1566fbb13bb73c6b0e61e50689ae7cf0bb62f1101c02ab6c96,578.059123
24/08/2019 0:05,Send,ETH,Complete,0.004,-0.41384289,0x7a3d0806487a38ab5672a9a25d80bb06b8a8ed25,0xab60921b6d4bd3ba57664eab679147bbe876e5d7300a796872396dfd8345e4c0,123.931151
15/08/2019 16:23,Receive,VTHO,Complete,,1.3118325,,,undefined
15/08/2019 16:16,Receive,ONG,Complete,,0.00880289,,,undefined
15/08/2019 16:04,Receive,GAS,Complete,,0.03353215,,,undefined
15/08/2019 15:54,Receive,BTTC,Complete,,59.76,,,undefined
3/08/2019 1:32,Send,STRAX,Complete,0.2,-121.9066195,ScKU4sVdMXDcjvQQV9LnJn4DmzHgQCfjE1,34bcc83f39824c6bce73d7899b5b4f879ebdd82df665805f53898b62c857e2d9,99.947279
25/07/2019 23:33,Send,KMD,Complete,0.002,-58.7167263,RN8sYgoxE555CVsiaLpPe1s2Bh5XHhgH8b,afd2ac36097085e044f9fb34ac3fc7e75b4f701d3c7e5ddb73c4a862bf1a2d9c,101.285706
15/07/2019 16:18,Receive,ETH,Complete,,0.02648136,0x9512401e43ebc94389fde0e44426ed4e021fb3d8,0x9e5336029319b00408a5caddb7dbc67bbd379ef03a5f57e75a3daccab2fd3be6,8.214365554
15/07/2019 16:17,Receive,LINK,Complete,,3.63237507,0x0b0956c4a7ca12b150a63b1732d1ff0657a31e41,0xd4861ca7ccf482261f09a26c700ebbe0bda10ab771af36957e1fd357aed8ff39,13.85541701
15/07/2019 15:00,Receive,ONG,Complete,,0.00864498,,,undefined
15/07/2019 14:40,Receive,VTHO,Complete,,1.29586607,,,undefined
15/07/2019 13:45,Receive,GAS,Complete,,0.00694574,,,undefined
15/07/2019 13:36,Receive,BTTC,Complete,,59.82,,,undefined
14/07/2019 14:00,Receive,EOS,Complete,,4.197,wallethoteos,c82df8f85774477f1301c84cd79786365a7c3255737918f11cc996e48b820fa0,27.8470864
16/06/2019 19:09,Receive,BTTC,Complete,,59.82,,,undefined
15/06/2019 9:21,Receive,GAS,Complete,,0.0772031,,,undefined
15/06/2019 9:18,Receive,VTHO,Complete,,305.2218325,,,undefined
15/06/2019 9:06,Receive,ONG,Complete,,0.00882261,,,undefined
6/06/2019 19:40,Receive,NPXS,Complete,,1609.297236,,,undefined
31/05/2019 11:52,Send,GAS,Complete,,-19,AZ4u1ErAgT1HxNVQLPve8KWUA5ABGejPv8,9f1ce9cff8447af844f7f6c184c8bbfbcf8c8ee6c5a6f769156bb1238a44cdae,92.465021
31/05/2019 11:33,Send,VET,Complete,100,-64900,0x5BbC23B1bC5858d270Eb791C3Aede2A8036609D8,0xbd238f52f9a571083fd1e9c5486b4f97f4d8a2a9a808b797ae772be974ef805a,756.966991
31/05/2019 11:14,Send,NEO,Complete,,-44,AZ4u1ErAgT1HxNVQLPve8KWUA5ABGejPv8,c0e023c70d844b5698219696bc904c39807119157e6d27d951bab4aa3b259acd,839.547312
31/05/2019 10:31,Send,EOS,Complete,0.1,-43.1,uv2bmaar25kw,11127a7511d3746e16c4b254c15dc5bf1aa1d133afea5abc855ab9058b68b4f8,477.678128
27/05/2019 23:55,Send,MCO,Complete,0.4,-9.26938692,0xEFC4020fEe7B1fFb26C65892763BD4506B8db40b,0x10014e428d4ac5558715f04137264590404c828e8f4e344178b35f164b1d84e5,100.096511
27/05/2019 15:12,Send,BTTC,Complete,1,-124890.6193,TPU3ogUDDkcdwtgn9MihmFUkpvnhCHE3nV,e3304a6ccd134d880b9a8c0fde7ee87c4c5083d2c36384a77fa965d44d02fd7b,305.45373
16/05/2019 15:22,Send,EOS,Complete,0.1,-54.1,uv2bmaar25kw,b3e1be1cf8f2ba501ac57742902d8908b4857bc3bfcad09a01044d916796c517,537.019099
16/05/2019 15:18,Send,BAT,Complete,10,-1910,0x53080Bc6764c07B9D7e8F008F3c27253B3fca98b,0xed584a80eacd24b992672bc0922dee216abab66d5d089d715832183112bb4fdb,1126.192765
16/05/2019 15:11,Send,BCH,Complete,0.001,-1.20282138,1NzEz3TfYFBLErGpbi6agJh8tWnGGi4AoY,d86288bec68cbcac266c5e4cd758b8f03249ba58e8bbd382d0fefc1713db8983,752.114744
16/05/2019 15:08,Send,ETH,Complete,0.004,-6.01,0x53080Bc6764c07B9D7e8F008F3c27253B3fca98b,0xca14a21d33a0e8ffaa6bcdb47704af1f3915c72d18c9ec261a166af834c30884,2332.280452
16/05/2019 8:24,Receive,BTTC,Complete,,56.829,,,undefined
11/05/2019 16:45,Send,ZEC,Complete,0.01,-1.4,t1YqTGWx6y2cDMz2RsQEgRKDf7pjrfegDMs,5c660a96af7d1b27605bb614105394b914bf4859c627bd42b5f15c6bd7e1ef8a,119.752046
11/05/2019 16:35,Send,BCH,Complete,0.001,-1.17,1NzEz3TfYFBLErGpbi6agJh8tWnGGi4AoY,131c1c2bab2d68c1fd9c909c19ddd69492dd5455c9d902bebba9811c951ca1df,516.895937
11/05/2019 16:01,Send,EOS,Complete,0.1,-111.1,uv2bmaar25kw,42b2dbafcbf32c1e0e408421af80d3bcddc1d75ee79b2bc14906f5ffa4102f71,811.175043
11/05/2019 15:31,Send,ETH,Complete,0.004,-3.004,0x53080Bc6764c07B9D7e8F008F3c27253B3fca98b,0x8b9e26da688d66bb7bd331a4b63cbb912ee3bec47c8f3499abf73bb32997770c,782.715357
11/05/2019 0:55,Send,XRP,Complete,1,-341,rU2T6swGFbsiLSTxDmHtyFqaWQFqVQxy63,9B560DED618F2794B6B0428B49D6AFA7CFC9945D2FC336AF8E693F585738A448,149.16793
11/05/2019 0:25,Send,ADA,Complete,1,-6800,Ae2tdPwUPEYyqUD978tJqmZ6xmKPHocgodxBEmbxkiKn7WgqM1XB734p5R6,02cdda24839da7a78b752f4c11bf10caf84f5546dcf51bf43a7588afcf61a9bf,630.632748
9/05/2019 12:23,Send,BTC,Complete,0.0005,-0.02281826,3GfoSzjQq4oTaRyPQjGYDrvcy4zvwg6R46,739970f9d5826f27f946db84bf6985124f78274e3ac340cbc7018ac1ad448f74,200.287268
7/05/2019 12:12,Send,VTHO,Complete,21,-828.6846036,0x5BbC23B1bC5858d270Eb791C3Aede2A8036609D8,0x1a1dbc92f160f940c09c9124aa274a5ff061d02c47c97eaaf97372fdf8044e80,0.068955
6/05/2019 11:41,Receive,NPXS,Complete,,9187.353685,,,undefined
6/05/2019 11:36,Receive,ONG,Complete,,0.89539444,,,undefined
6/05/2019 11:33,Receive,VTHO,Complete,,228.2824307,,,undefined
6/05/2019 11:19,Receive,GAS,Complete,,0.00821572,,,undefined
1/05/2019 22:55,Send,BTTC,Complete,100,-104000,TPU3ogUDDkcdwtgn9MihmFUkpvnhCHE3nV,e953e8d05c999d2f3f144191a9cfc4cd21b9b929015a6534a50c0ca1be3ceae6,103.13472
30/04/2019 15:27,Send,XLM,Complete,,-450.01,GCOINSKIBDB7E4YUMZVEATT7JRIWLUPH6CBS63FYIZ4DWDXH3P6U6XIU,,61.763148
30/04/2019 13:32,Receive,XLM,Complete,,498.99999,GARGEX2JD6YXVYVSYIVIQMK3GK2KJL7U2RQJEK6MUEYYHEQJ26WQV6VW|||78968683,79b9f293b41eb786d05f7271c74e161a0b6f335c6902e0aee23b90b03ed58cf8,65.37240187
29/04/2019 23:48,Receive,XLM,Complete,,498.99993,GBNBFGEY76FS6GFC4XOWQJALUQXUMTDAJBCACMLSIEBZTDGZKI7BKMEZ,0f7bb222aa2eb9834ff9dab3cb6d3d7839dba2add431e00ab54fbc7854a6e498,65.66648461
29/04/2019 23:31,Receive,XLM,Complete,,498.99999,GBHTOIQ456KUJ4HGO6ZALZCAHXW3VWGQGKMX25W7XLTELXOWV44DYPCS,b5deb2f70389dc834ea8b97007d4d2fb91bd4bf90a7dff4de292759b4ce41c9c,65.7437876
26/04/2019 9:38,Send,BTC,Complete,0.0005,-0.03700014,1FSNQXRMkpYpf8cwUDidPfXhNNiBAoyp6K,41c5f633eaf18a2566c2a3dabacb646066ebfecab7cf56b51c9c46eb30d6daa8,276.295379
25/04/2019 22:48,Send,BNB,Complete,0.005,-2.98864315,bnb136ns6lfw4zs5hg4n85vdthaad7hq5m4gtkgf23,9A7AE58078D5EF420EF60F88DD5DA4D032FE6A278202A4FC84AF11A51202B40F,99.58227
23/04/2019 8:21,Receive,BAT,Complete,,25.12980393,0x7ace700d6984b925b10293c81147246cabd53b7e,0x26b0c5609871bbc0344c9e81e6c0686e66744d33736474904faddfc12d1e2b8f,13.71532504
15/04/2019 21:30,Receive,BTTC,Complete,,57.16,,,undefined
15/04/2019 11:48,Receive,VTHO,Complete,,234.1100472,,,undefined
15/04/2019 11:33,Receive,GAS,Complete,,0.00855997,,,undefined
15/04/2019 11:24,Receive,ONG,Complete,,2.29551354,,,undefined
15/04/2019 1:13,Send,MCO,Complete,0.4,-44.04114478,0xEFC4020fEe7B1fFb26C65892763BD4506B8db40b,0x7e422391aaa1fdf6b53ff65c910c06340a7316a424747927bd9a2c5c4550d003,255.423937
12/04/2019 8:46,Send,BNB,Complete,0.06,-5.89750215,0x9e9d9114f2f5b9b430096300ec8a1bcc1d480339,0xef69618afa4456cd54c87191a9b865bf8a9480f7be19472e43980b2ffca1fe59,148.984901
10/04/2019 22:58,Send,ONT,Complete,1,-351,ALhr2369LnMGtV4sK8a5sajP6rQAKbHAQ2,d160cb2f45c23d260ee0c323700883a5ce5f292963c88094466044412b16b923,776.411726
5/04/2019 14:53,Receive,NPXS,Complete,,412.6495402,,,undefined
30/03/2019 13:48,Send,LTC,Complete,0.001,-3.61467576,LiFw3JLejKgksMKZzwNG41bNCbRJ7P3btJ,0fe9af6c91c156baf3448bc9cc2b9bf66d5c5cedeff0d1bc8e544b6464d59770,317.399661
26/03/2019 12:10,Send,BTC,Complete,0.0005,-0.03292162,3KEVUnLYv6t8YbceLMj3HwMeTsYRqPtbw3,b6eb9f7c3628f3675aa5b4acd1eba77c8bf85f28451b843145a0bb3f1864aab9,184.409869
25/03/2019 22:12,Send,BTC,Complete,0.0005,-0.09133944,1DSmZXwtv3JCaE5DDgM5Z4vsK1KtQVKzDg,5f8f7ad9aeba4b707a34b71300a4ee54fa3bc0665ccd5206d1440478bc49545e,518.797837
21/03/2019 14:38,Send,BTC,Complete,0.0005,-0.01905791,374yvZa98YuESKAPdqTxiwVrRzFhodmVHM,b8092db9685188f12df110b0944e50a67744d17a2174f656e635a154e4f85009,110.000268
15/03/2019 11:48,Receive,NPXS,Complete,,40.26383388,,,undefined
15/03/2019 11:00,Receive,BTTC,Complete,,0.99760527,,,undefined
15/03/2019 10:17,Receive,ONG,Complete,,2.76901336,,,undefined
15/03/2019 10:14,Receive,VTHO,Complete,,52.06462532,,,undefined
15/03/2019 9:59,Receive,GAS,Complete,,0.00825506,,,undefined
18/02/2019 20:28,Send,ONG,Complete,,-5.1,ANurcewNtfrRTDe24gNcpaoDrSoonxJUzq,fd0bd89b5cbf260c89d3bd231753410832a858873516c1a639a3865afa821fe7,0.000241
16/02/2019 22:32,Send,LTC,Complete,,-0.11329698,LW4Hmt5fmDpGBHQrKWq92Vm9Kf1wikz3K7,7e12f72181ce81c4e41ef2f55f8550811c803239d8bdc16a29e80e35fa366e3e,7.052696
15/02/2019 9:02,Receive,GAS,Complete,,0.0599471,,,undefined
15/02/2019 9:01,Receive,NPXS,Complete,,0.3225835,,,undefined
15/02/2019 8:56,Receive,ONG,Complete,,3.20163254,,,undefined
15/02/2019 8:26,Receive,VTHO,Complete,,314.2275004,,,undefined
13/02/2019 22:45,Send,KMD,Complete,,-100.002,RUHJhysZ8zVeBttgL9aXfGk8iJXHuaQKMv,7af7aceb4941c6aec6e3f85ca3010754c5bf138f7778a2d2257d2bef612fc7e4,106.962656
13/02/2019 22:10,Send,BTG,Complete,,-24.001,AZ5sY26ypgUCtq4mNu1qaf948ax12dYmzM,92b4afca42ec39912c79e250636a6b6005cf5e414b9f78409954b963c1a9cb59,352.48459
13/02/2019 21:23,Send,DGB,Complete,,-20006.72842,SiDuma4NGy4WfLeLXdtxNcVsdR7VTRPfTQ,ebda725f2eb3eb93688c76ede36a3f294a04f09d73befc74b01673c18294cee6,258.847652
13/02/2019 21:01,Send,XRP,Complete,,-1500,rU2T6swGFbsiLSTxDmHtyFqaWQFqVQxy63,76DC83BFD2182CCF5BBB8E1F8DBFF8BEBC31562F2EE9226FF7F7FE150431FDD9,651.7008
12/02/2019 15:59,Receive,BTTC,Complete,,2.00E-08,,,undefined
7/02/2019 14:57,Send,BTC,Complete,,-0.02135743,3KEVUnLYv6t8YbceLMj3HwMeTsYRqPtbw3,858a5f41b970798e9083d1fcaffc8b4aeaf42c1869f1e82836a5b4f06469103d,102.427329
5/02/2019 7:16,Send,BTC,Complete,,-0.02478732,3KEVUnLYv6t8YbceLMj3HwMeTsYRqPtbw3,c20ab12e8f5e9f060bb4012478af7b2fe51eab56ba1a9b3de1accdad271eaa26,119.139674
2/02/2019 0:08,Send,OMG,Complete,,-90,0x53080Bc6764c07B9D7e8F008F3c27253B3fca98b,0x0e4a0f176fc6b96563cbb6a3a579f84637fa2555e87f2cd795a2d795f69c9d00,138.045814
1/02/2019 23:41,Send,VTHO,Complete,,-272.7211121,0x5bbc23b1bc5858d270eb791c3aede2a8036609d8,0x7d8222f9b0ca81db4bb8a4ed2ec9cb6bc95fc0891f25fbdba6b4739e6f92072d,0.012881
1/02/2019 23:20,Send,VET,Complete,,-28850,0x5bbc23b1bc5858d270eb791c3aede2a8036609d8,0x990e9fff78fb7456f4888a262a58ddbdc1d5ad7c975af1cba95cc0213ac8e3fc,157.351651
1/02/2019 20:41,Send,ETH,Complete,,-1.004,0x9e9d9114f2f5b9b430096300ec8a1bcc1d480339,0xe1897e7abc3bafc86fa86172f5a7ff4e6e655c3fdcc9dab160182f33dd0b53ac,148.195029
1/02/2019 0:04,Send,XLM,Complete,,-3400.01,GC3BORTKJBCMRTMTR7AUZ4XUCCOKVJSP72BAQ6BBJZBIXCTAF2ZOTBWY,15fe67393a99b2d72006b4325f716fa86ffedfd51457279a3b9caf9d7030be90,398.54805
31/01/2019 23:46,Send,LINK,Complete,,-1097.5,0x53080Bc6764c07B9D7e8F008F3c27253B3fca98b,0x799291c181aaf196f203e9e90fe6bb76b33d6f8db3b5287ebdb9de353924c5e5,624.284658
31/01/2019 23:26,Send,AION,Complete,,-2499.1,0xa0997eabcc12bd5470745b5146b0854adb9665a59a9a6b2727d466692a44de80,0xe120670e1af33aea2e3695c097e7445063b1349c980fa25fac79ad91b7ca56af,414.961985
31/01/2019 10:07,Send,BTC,Complete,,-0.03092528,36s5v9N2BvdBqrH3tuiEBCqWSX2AUjx48z,d723f17f4ff81a96cb8f3757b51dba8a2caca1694351ae1d741f5533fe6c2ccc,149.999461
29/01/2019 11:57,Send,ZIL,Complete,,-12000,0x53080Bc6764c07B9D7e8F008F3c27253B3fca98b,0x55bee5d0f33c5d7126c7e4ba1d1526f370b01ded74f21d27d81c0b47ffe36fc3,348.2124
22/01/2019 9:50,Send,TRX,Complete,,-8740.345121,TLWDFUbshUnYE1XUjhgD9w57jTZzGYtvkX,15d546b5b4d075b7bae942b54b4b69cc053be44f5d4f50b1121c36ed19749749,319.7553
17/01/2019 8:54,Send,TRX,Complete,,-1393.456329,THCYkUzySEvBkHdQFc6jcrZphScQ3hWhPn,bae6f3e10ea4a5f3b6ff0f4162d0c1928831f65e54563b27e23ef4aa538bd50d,50.071233
16/01/2019 13:43,Send,TRX,Complete,,-202.227472,THCYkUzySEvBkHdQFc6jcrZphScQ3hWhPn,7bc76950bda6bd1b0d6a711896d03a490f646af349b772f7647494313dc9101f,6.937272
15/01/2019 23:15,Send,TRX,Complete,,-10000,TLWDFUbshUnYE1XUjhgD9w57jTZzGYtvkX,a02c7d911b77eded767e3bfee2e5db653d28a22391012ed0036ca95bcc6af6b3,357.7781
15/01/2019 15:34,Receive,NPXS,Complete,,573.3162706,,,undefined
15/01/2019 15:34,Receive,NPXS,Complete,,100.57162,,,undefined
15/01/2019 13:12,Receive,ONG,Complete,,1.62728708,,,undefined
15/01/2019 13:08,Receive,GAS,Complete,,0.17183608,,,undefined
15/01/2019 12:52,Receive,VTHO,Complete,,246.0518584,,,undefined
14/01/2019 22:30,Send,ETH,Complete,,-0.63078878,0x9e9d9114f2f5b9b430096300ec8a1bcc1d480339,0x067a4881f2fc57f9f98534692b7153066513f960061cb9e461c9d96dafc703b6,104.578007
10/01/2019 10:46,Send,ETH,Complete,,-0.48046955,0xf95cfd7741b1f88171bb15898e111a8bcfb4fe3e,0xc5d70dab5b380cc6f195ea34da53952237fad52ddd8479a6866e38b2b48dd12a,103.12226
9/01/2019 12:19,Send,GAS,Complete,,-48,AZ4u1ErAgT1HxNVQLPve8KWUA5ABGejPv8,6468819b5e2fe436a3950fe8bbfa50382e40c595cb50813b122a5d9fc1088858,180.462383
9/01/2019 12:18,Send,NEO,Complete,,-24,AZ4u1ErAgT1HxNVQLPve8KWUA5ABGejPv8,1a88729832c02afd1b08f086c629514bbfffb5ddc5a6b66227853ae0b8d304ac,329.97579
9/01/2019 12:17,Send,GAS,Complete,,-1,AZ4u1ErAgT1HxNVQLPve8KWUA5ABGejPv8,4237be88eeee12c44f2a7f2f3a0f7b5ae9719f56c9639a33f417047323b124a9,3.760411
2/01/2019 6:44,Send,ETH,Complete,,-0.51804845,0x9e9d9114f2f5b9b430096300ec8a1bcc1d480339,0xc39f470328bfdb42748e1d7146d4110dcc5d41c47d6f155ed31aabcf33e85bb3,103.867182
31/12/2018 11:39,Send,NPXS,Complete,,-102154.8639,0x9e9d9114f2f5b9b430096300ec8a1bcc1d480339,0x4b30dd9e9b84be76632412a5c799ac4735ddeacf4dbc5c32f8dc323355f57100,72.516673
15/12/2018 20:28,Receive,GAS,Complete,,0.03426144,,,undefined
15/12/2018 13:22,Receive,VTHO,Complete,,19.57110632,,,undefined
15/12/2018 13:10,Receive,ONG,Complete,,0.29918815,,,undefined
14/12/2018 7:02,Send,BTC,Complete,,-0.02190878,3KEVUnLYv6t8YbceLMj3HwMeTsYRqPtbw3,fe6c06e49602f8c0a7bed3f355aa6ace6a9c7896773a653443cde3de2e491062,99.654161
13/12/2018 22:29,Send,ETH,Complete,,-0.79106377,0x9e9d9114f2f5b9b430096300ec8a1bcc1d480339,0xfae4073e632a496c596038f3c0aba91b837a1fc6ff1f9b3df703d523eb44ffd9,100.808274
7/12/2018 11:47,Send,ETH,Complete,,-1.15614754,0x9e9d9114f2f5b9b430096300ec8a1bcc1d480339,0x88a072a475a2655ef818e87dca6a18308558dd8fbedfbba530b23c4076076848,141.440504
6/12/2018 5:57,Send,ETH,Complete,,-1.04427736,0xf95cfd7741b1f88171bb15898e111a8bcfb4fe3e,0xdb82e2ff167ddc8cfc583bd189993a49393f8717000853f1e70d6c7c3ca54cc2,149.683669
5/12/2018 16:38,Send,MCO,Complete,,-130.279174,0x124371438952e87cd21fb3bfcad50be4eed2ba63,0x6227022ce97175950f9cc4464834aa7dc7a5b31d18b3fe36fd0322b5c83246ac,430.26658
3/12/2018 11:48,Send,NPXS,Complete,,-99206.34921,0x9e9d9114f2f5b9b430096300ec8a1bcc1d480339,0xd3f8c5ab2fa22b83720310018729caf42f141b565e7391e75925508279b6939f,95.763889
29/11/2018 6:18,Send,BTC,Complete,,-0.03314182,3KEVUnLYv6t8YbceLMj3HwMeTsYRqPtbw3,c7e6d0ac95bfe7026748bb6f5e41f6d1c59dde704cff2aeb2229553758251c50,200.317058
26/11/2018 21:42,Send,BTC,Complete,,-0.03492861,3KEVUnLYv6t8YbceLMj3HwMeTsYRqPtbw3,3f2909462637aad4c0fe43ce7f6c0b78eda5c0569264d49c6f8111bfd0f12568,194.273233
25/11/2018 14:14,Send,ETH,Complete,,-1.01943727,0x9e9d9114f2f5b9b430096300ec8a1bcc1d480339,0x519645797a93fb9b6b632baceb3efc599e5fa4a71f46c1f0c1df87dd9d41ca0a,150.761497
21/11/2018 9:30,Send,ETH,Complete,,-1.12422709,0xf95cfd7741b1f88171bb15898e111a8bcfb4fe3e,0xeda87809aa6568a26b0758b01d5cf9bd57d9c44c2f57a8707fed68700c13cd79,199.728045
15/11/2018 13:21,Receive,GAS,Complete,,0.04013745,,,undefined
15/11/2018 13:10,Receive,VTHO,Complete,,4.27065275,,,undefined
15/11/2018 11:11,Send,ETH,Complete,,-1.02396373,0x9e9d9114f2f5b9b430096300ec8a1bcc1d480339,0xeb0c1140259a57f9d3f673a0acd64b288574a8b97fd64d9b2560d6163af321c6,258.209947
1/11/2018 10:16,Send,BTC,Complete,,-0.01909956,3KEVUnLYv6t8YbceLMj3HwMeTsYRqPtbw3,c21b777b7a3067360fd12bd4895ea8a9ab9e5149f39d20a3d699f6bd2d886283,172.106847
31/10/2018 17:28,Send,NEO,Complete,,-8,AZ4u1ErAgT1HxNVQLPve8KWUA5ABGejPv8,73d03c9f5c017b593d6177429b16a1f77eb8ef8bdf610ceda81da7fc796d5137,173.472306
30/10/2018 12:54,Send,BTC,Complete,,-0.01872858,36s5v9N2BvdBqrH3tuiEBCqWSX2AUjx48z,43d69d73b8ce4a361f360f649bfa7cb853ade37f6e743e64d77f42ee9893e9ae,167.523749
25/10/2018 14:47,Send,ETH,Complete,,-0.35676975,0xf95cfd7741b1f88171bb15898e111a8bcfb4fe3e,0x20a08ff1c468161caacc2b352dae32fdab8b0be4183086d47938c692d1035b5f,101.975524
23/10/2018 22:32,Send,ETH,Complete,,-0.82002609,0x9e9d9114f2f5b9b430096300ec8a1bcc1d480339,0x68cf9436d3cfbe5a6de00381d6a38fc6cf8886d22aea266584aa02292500c24e,234.576391
18/10/2018 11:22,Send,ETH,Complete,,-0.39302965,0x9e9d9114f2f5b9b430096300ec8a1bcc1d480339,0x0892d04377ad227dc0dadad30da7bdbfbf2c75ae0d0fd70679644f51e39873e4,114.521506
16/10/2018 8:51,Send,ETH,Complete,,-0.86896256,0x9e9d9114f2f5b9b430096300ec8a1bcc1d480339,0x38bc65de3c0e164e917ce87a2e71d45b4932452234c1f9a730fbab87c6d095fa,252.415553
15/10/2018 8:10,Receive,ONG,Complete,,0.0164363,,,undefined
15/10/2018 7:57,Receive,VTHO,Complete,,1.29512421,,,undefined
15/10/2018 7:49,Receive,GAS,Complete,,0.0511829,,,undefined
12/10/2018 11:28,Send,NEO,Complete,,-5,ANKKCMFVCh2RwJED7hjzVjQGbj8bR4XVpk,13985440f3ad0e4e8995f68fb60f62a2364bf6696bbc14f875d72c765d03dc22,109.824912
3/10/2018 16:34,Send,ETH,Complete,,-0.32893906,0x9e9d9114f2f5b9b430096300ec8a1bcc1d480339,0xacec149006069a9816c3ffa4dac2304f6ee2680fae2892c5dce7ec40ef0012fe,100.790282
30/09/2018 17:47,Send,ETH,Complete,,-1.01621263,0x53080Bc6764c07B9D7e8F008F3c27253B3fca98b,0xa1568284e66cc6665509f27d715e38eac4734241451388dab85af7f6583f1ccf,330.478687
28/09/2018 13:21,Send,ETH,Complete,,-0.474698,0x9e9d9114f2f5b9b430096300ec8a1bcc1d480339,0x29f68ff1e338fe9e5c4cd93b6be770f761b7be5435cc0edb86efff0c0634115f,153.324149
25/09/2018 22:27,Send,ETH,Complete,,-0.41140976,0x9e9d9114f2f5b9b430096300ec8a1bcc1d480339,0xbdae416786c56bada34b533109e0406e994645c754209bfe36f353d3c1530043,119.844621
20/09/2018 8:10,Send,NEO,Complete,,-12,ANurcewNtfrRTDe24gNcpaoDrSoonxJUzq,809209ec728339bc5d388d509bf5202784ebd208b1ecb7e1e22becf023623de7,286.586936
18/09/2018 8:06,Send,ETH,Complete,,-1.00540901,0x9e9d9114f2f5b9b430096300ec8a1bcc1d480339,0x848feb4590b39ecd765866038364a4f8dda1bf2cc86c139528271c2715c2588d,278.424271
17/09/2018 16:43,Send,ETH,Complete,,-1.004,0x9e9d9114f2f5b9b430096300ec8a1bcc1d480339,0x3ae439330c29e2794cffa869ecf4887284dd03005c4f271afea7848d64471e51,313.385398
14/09/2018 16:35,Receive,GAS,Complete,,0.05204838,,,undefined
14/09/2018 15:01,Receive,VTHO,Complete,,1.53237039,,,undefined
14/09/2018 14:53,Receive,ONG,Complete,,0.12966085,,,undefined
13/09/2018 16:23,Send,STEEM,Complete,,-97.05910899,deepcrypto8,2017cc7ff08897b7e7c627646eb88c03a9c72a66,98.38607
13/09/2018 8:21,Send,ADA,Complete,,-544.2,DdzFFzCqrhtBGq8zuCFNPFfZCW2kUum1kjaqQDBpXZtWuJq23tKD6F9rAxZEmhupPRFiPPEVLkzaUtBa9fdyEhcDUskY6WDRLByR6xeB,75a3f7040b874f79f3ff9073d25b915b36c1df68b27be04c553a12b918576371,49.862053
12/09/2018 16:03,Receive,AION,Complete,,297.2036306,0x3f5ce5fbfe3e9af3971dd833d26ba9b5c936f0be,0xa83012c27c5c75c91648d97cc840269963346feff39baae2dea4e104c99fbbde,154.665771
10/09/2018 18:55,Send,ETH,Complete,,-3.63409421,0x9e9d9114f2f5b9b430096300ec8a1bcc1d480339,0x7cdd2a7a4a059fb1d34eb0e9094310493a17cc1f24ff88797f86c315007f8098,1015.378798
8/09/2018 6:21,Send,ETH,Complete,,-0.32506582,0x9e9d9114f2f5b9b430096300ec8a1bcc1d480339,0x9660c0766575c40a5f10a43cda36c516e93fc7614d3beb90ccde6c7a9c9f3d62,99.999605
6/09/2018 14:55,Send,ETH,Complete,,-1.13079671,0x53080Bc6764c07B9D7e8F008F3c27253B3fca98b,0xddaf6e3714f290469129dde89df8adf3c3790c12054107dad90b850166c0a07a,362.701878
6/09/2018 14:28,Send,ETH,Complete,,-1.03506593,0x53080Bc6764c07B9D7e8F008F3c27253B3fca98b,0x75f301115a5419e041ef3792db3dac5a3f695c0aeac56f653ada9d1613a790be,331.761876
31/08/2018 15:04,Send,ETH,Complete,,-0.15773861,0xc74560c1e800ffd1f600b2ff4b4cc766813bd1b3,0x675498c90ac33cb7f31e02f767f1eb0f600479f6e2fcc33511ab89832da6c0a9,61.831552
29/08/2018 15:41,Send,ETH,Complete,,-0.25356255,0x9e9d9114f2f5b9b430096300ec8a1bcc1d480339,0xeae91a5b60d58fac8a13a805af82c70f0604fc58b2be60b3e323b488cbc1cbd3,102.083139
29/08/2018 10:17,Send,MIOTA,Complete,,-200.5,LL9HLFTIB9VTHCULAKSCUJHMGTXZHCPWMMBGELCCCJXIWF9KS9VYFJIIIMRDTWTSECNUJZTXEPJUZXDZDFFKWSAOXB,FNEZWYZLT9OBX9MZKSGN9GZQFOWJSJBFRHQLBMKHAPHLQRPHTA9HAYSOTULKRXERLFBNSKKAVMNXA9999,215.30405
29/08/2018 10:13,Send,WAN,Complete,,-223.1,0x9e9d9114f2f5b9b430096300ec8a1bcc1d480339,0xfd1eb8689dc7a5697352bb6e1a4aa43e2b1065495b2bde9839aeb8a84f68a68d,411.639641
26/08/2018 15:25,Send,ADA,Complete,,-377.2,DdzFFzCqrhtBGq8zuCFNPFfZCW2kUum1kjaqQDBpXZtWuJq23tKD6F9rAxZEmhupPRFiPPEVLkzaUtBa9fdyEhcDUskY6WDRLByR6xeB,64be0b039b9eaa34a6919d623ca7fb12863a6df3306b0da9de90c3b039f3f844,48.567008
26/08/2018 14:55,Send,GAS,Complete,,-20,AZ4u1ErAgT1HxNVQLPve8KWUA5ABGejPv8,69c1fc1db2a875f643e5bfd63f8e6602ca99c7f134fb0e63775786e2a50d01b8,162.244529
25/08/2018 14:01,Send,XNO,Complete,,-14.88711639,xrb_1hc1n895y9soc5w7ntan6erke91prxc5s5pnh49zj4866ta7jc1ozzfc9f8y,D960281CC0DD65A4D61AE3B87780818E5C4CD0CF826E706002D2E715E15A00CD,48.772733
23/08/2018 22:55,Send,TRX,Complete,,-4095.37879,TPU3ogUDDkcdwtgn9MihmFUkpvnhCHE3nV,507b266668dca3b8c2ceb223a459f35a5071ccab0e03dc743eb2c2238725ea60,114.045406
23/08/2018 22:49,Send,XLM,Complete,,-146.6150802,GAHK7EEG2WWHVKDNT4CEQFZGKF2LGDSW2IVM4S5DP42RBW3K6BTODB4A,b0f1527937cc597e09b056c35a212d169a0a8b7ba64c44fd8a9a8398b268e125,43.329662
22/08/2018 14:44,Send,XNO,Complete,,-200.02,xrb_1hc1n895y9soc5w7ntan6erke91prxc5s5pnh49zj4866ta7jc1ozzfc9f8y,3C51F1C42729DB759358B40A260A939E2D66EFCF6E93A0A7829C9B9DBAACD31C,570.987431
21/08/2018 16:57,Send,ONT,Complete,,-52,ANurcewNtfrRTDe24gNcpaoDrSoonxJUzq,8808358c934a5dcce009aa5792680b57e566e5974312ddffcb46cf537fc5f300,161.600954
21/08/2018 15:20,Send,XRP,Complete,,-506,rU2T6swGFbsiLSTxDmHtyFqaWQFqVQxy63,F4AD6B5876C259102048F4008F740B893FEEA5C49A112110B4798807222BAC0E,230.139709
17/08/2018 13:20,Send,ETH,Complete,,-0.36175087,0x9e9d9114f2f5b9b430096300ec8a1bcc1d480339,0x4dfaeeb6212040a621044182282a6f46389446daf202ad281d67f1c7cb29b0d3,149.791393
16/08/2018 11:13,Send,VET,Complete,,-26048.45012,0x9e9d9114f2f5b9b430096300ec8a1bcc1d480339,0x576ebf816027de55200936345b1bae65657be7d716bd9c0d0517b88f8103693f,290.259964
15/08/2018 13:59,Receive,GAS,Complete,,0.00011646,,,undefined
10/08/2018 8:48,Send,ETH,Complete,,-0.32524509,0xc74560c1e800ffd1f600b2ff4b4cc766813bd1b3,0xef112c475a55ac80213795d44055763a8b3c0c75df521a018d591dfaafd953b7,163.992997
9/08/2018 12:42,Send,NEO,Complete,,-2,ANKKCMFVCh2RwJED7hjzVjQGbj8bR4XVpk,9e40ebdefb95c5b1ff877b7854097662989969cc867fff0214fd7b69ae2dbb01,61.398034
31/07/2018 10:46,Send,LTC,Complete,,-1.02219127,LYrvnGGKVuTdYz18MM7BAxzkP5jczhVNK3,adb3880e9bbd031f84c528b3345d1180c02eb571cf50704b37e0ab730524223a,114.581387
29/07/2018 9:46,Send,ETH,Complete,,-0.15512052,0x9e9d9114f2f5b9b430096300ec8a1bcc1d480339,0x8d2622d53ea7729102df2139e4d5b11e60fb101e3f93a9aa87bd94661b134a7c,100.218445
28/07/2018 13:09,Send,WAN,Complete,,-37.96103679,0x9e9d9114f2f5b9b430096300ec8a1bcc1d480339,0x3e19502d39a73eacab927a63aae7114932a2064d7332f2c00bb72a535d8b9edd,102.701009
28/07/2018 8:20,Send,AION,Complete,,-366.5036306,0x9e9d9114f2f5b9b430096300ec8a1bcc1d480339,0x87b72a88aebc42257a945c742f456400dac8bfc93126dea65a39174901c4ea5e,458.138697
27/07/2018 16:53,Send,TRX,Complete,,-9434.003,TPU3ogUDDkcdwtgn9MihmFUkpvnhCHE3nV,4cd2f778e4c2afd066aa553c4626c814a90d72493763339fbdeef107a4383853,470.237597
23/07/2018 13:30,Send,MIOTA,Complete,,-130.5,KMYEOHNEVUTGVKYKTWCEZDCNGDYSU9EJUFZ9RPZ9SO9BETAEOJCMKF9D9CLKFTAZVENAPASJR9KCOPWFXBBNXBVYZC,FGIVIHYLIRZIRXOKEPSGNOKKXKFECYBOQVRYCWVMIASW9OCJISHGKTGWCIHWZTHNGWGZBDQKDOET99999,181.084907
23/07/2018 8:30,Send,ICX,Complete,,-53.72625443,hx2f24719596f6097a051de6098d38d0e9e59e85dd,e033848c64b27e5aa35126b78769f158bd0b37b3202ee904ee998c9e5dbe3e00,99.825035
21/07/2018 15:30,Send,NEO,Complete,,-2,ANurcewNtfrRTDe24gNcpaoDrSoonxJUzq,dc52d4848a4995efb83dfb4346b04f85f8764c8150ab5b5c92345958f1d1a3ba,91.008991
20/07/2018 10:59,Send,NEO,Complete,,-2,ANKKCMFVCh2RwJED7hjzVjQGbj8bR4XVpk,70a7f6341481886ac5306c26586bcd50f1be1e74f8bfc860fdf119d799594490,98.138601
19/07/2018 22:01,Send,ADA,Complete,,-1381.491029,DdzFFzCqrhtBGq8zuCFNPFfZCW2kUum1kjaqQDBpXZtWuJq23tKD6F9rAxZEmhupPRFiPPEVLkzaUtBa9fdyEhcDUskY6WDRLByR6xeB,e46d948a8bdde84c758ccae71a135f34528acd2a92a1e76d67dd6c5ca26919cf,362.057757
19/07/2018 9:24,Send,XLM,Complete,,-259.2698135,GAHK7EEG2WWHVKDNT4CEQFZGKF2LGDSW2IVM4S5DP42RBW3K6BTODB4A,80cddcfabec015badd3ede8c6e13e7dcc72fef77702b1c996fc53d4d88029ca1,108.004363
15/07/2018 13:24,Receive,GAS,Complete,,0.00187211,,,undefined
14/07/2018 13:40,Send,XLM,Complete,,-179.6971026,GAHK7EEG2WWHVKDNT4CEQFZGKF2LGDSW2IVM4S5DP42RBW3K6BTODB4A,aaed24c015811d1b1010e5e7e8658627898ea4ef6edcf78db54eb5c7a633dd8e,49.338618
9/07/2018 6:34,Send,WAN,Complete,,-100.1,0x9e9d9114f2f5b9b430096300ec8a1bcc1d480339,0x598c2ae91b2f535ffe6d0ca309b6ece5928896148fe84057087e4b043365c8d5,352.603074
5/07/2018 21:58,Send,GAS,Complete,,-2.50072083,ANurcewNtfrRTDe24gNcpaoDrSoonxJUzq,b4481c645b77e8ecbf38157c06a47321f324d5f41b959eb0ab3ebdc536997afa,55.408887
3/07/2018 11:32,Send,GAS,Complete,,-5,ANurcewNtfrRTDe24gNcpaoDrSoonxJUzq,a7e8ef3c4b71cacfc020f819b3724f065914b0835bb15412d56faf2474576022,82.893636
3/07/2018 11:29,Send,WAN,Complete,,-24.1,0x9e9d9114f2f5b9b430096300ec8a1bcc1d480339,0x197475c77fe64f29dc892bd5e125f770c43a19e475ef89e05ed95ca29e8b1c1a,91.317504
2/07/2018 8:42,Send,XVG,Complete,,-4610,DTGo8sf56G3JRRH5bFvr2fWxyrDNQVrwzJ,18f161cee4f9e56415932a125aeb75dbb6a60d6c3d32bded51c6da6f7ddee208,161.33534
25/06/2018 18:48,Send,NEO,Complete,,-2,AZ4u1ErAgT1HxNVQLPve8KWUA5ABGejPv8,2fcd11fa0957be2bc8627c0e117c7415c65ac80889f4a1bd7b0a5a10aa67249f,86.595871
19/06/2018 17:21,Send,XNO,Complete,,-25.94938416,xrb_1hc1n895y9soc5w7ntan6erke91prxc5s5pnh49zj4866ta7jc1ozzfc9f8y,EC88001E68010CAD275223013F141B667C7B31F69BA61D9B342476FE96A18061,100.121732
19/06/2018 9:40,Send,ETH,Complete,,-0.04281907,0xC37c2228A3E32C44F4A8a1a3F61Dd4DD5249b276,0x0afabbe87f0a4c3fa5ed5d3c068beefcfff4b2330f8346e43dfbcc00a69a5707,30.612423
13/06/2018 16:09,Send,LTC,Complete,,-0.88613988,Lh1q4GNaMQtsZtgTmEzHZiehncqxqXvc8E,e6deea54b859221e2e834f63b33cb5876e8b1886463cbe3d076161fcf98424fd,119.452325
11/06/2018 11:52,Send,NEO,Complete,,-2,ANurcewNtfrRTDe24gNcpaoDrSoonxJUzq,1e9457215d4e52360d34effd69acd8f35d345735d769717df93a81e9f6c16215,120.359868
7/06/2018 21:03,Send,ZIL,Complete,,-1480,0x53080Bc6764c07B9D7e8F008F3c27253B3fca98b,0xf37d5670b773ef0ab2fbaca1cf8b3c161039fa3a6d4296808c071b1f4a78ef7d,262.466663
7/06/2018 20:29,Send,OMG,Complete,,-50.4105272,0x53080Bc6764c07B9D7e8F008F3c27253B3fca98b,0x421c56d18f73fd4e7d02c4615f9a9d727564e14dfd4fda71280bc31b7b5af902,779.959584
7/06/2018 19:52,Send,VEN,Complete,,-110.5,0x53080Bc6764c07B9D7e8F008F3c27253B3fca98b,0x74eeb4bcf9d64476cf5848b760045e2a2bf9ac8482517ea32f1d026a4a2597bc,611.490779
22/05/2018 8:25,Send,TRX,Complete,,-70070,0x9e9d9114f2f5b9b430096300ec8a1bcc1d480339,0xaae73313f0223103f86bedebc3383f9c1fef9b7464a9d5eea401e115c172f32d,7566.87892
16/05/2018 17:25,Send,ONT,Complete,,-22.7676,AZ4u1ErAgT1HxNVQLPve8KWUA5ABGejPv8,ab0f2328c1078f65e68bbe78fb1def0f9f47c523c55bb1cd0538c3b5dc0cbc46,231.113968
16/05/2018 14:15,Send,BTC,Complete,,-0.04463636,1217u6XbzFLukp9LhncGiMdVzhvZrbGKph,4f8f9131cdc9db3f45f4b96eec33acba6046c9b7cef1e6d64d8af2e2af265e7b,499.938767
15/05/2018 21:51,Receive,GAS,Complete,,0.15951618,,,undefined
6/05/2018 15:48,Send,ADA,Complete,,-1175,DdzFFzCqrht6bENfTftHpBPyttwaqubg98tu6vE3uqw2ECbDBGFRP6rFQNE8G9p6W2iKGdM9W9zvD6Yw79LNNLM5QNvXB4A65M86ymv7,613b98fb699898339d749e85ff1ac1fae3aadf717d642d2223927a1d54806a0b,558.503867
6/05/2018 15:02,Send,EOS,Complete,,-21.34964372,0x53080Bc6764c07B9D7e8F008F3c27253B3fca98b,0xcfd009bb5d51651deb54f5c62cde00c058bd0729ec6a7e2c9e4642ce634e7901,501.258086
2/05/2018 19:44,Send,ICX,Complete,,-348,0xC37c2228A3E32C44F4A8a1a3F61Dd4DD5249b276,0x57f85fdfe9d3d1355c09c4ccab930b3068465ba543d455c61bfc809fe72b1881,2050.159461
30/04/2018 18:15,Send,ETH,Complete,,-0.10737839,0x53080Bc6764c07B9D7e8F008F3c27253B3fca98b,0xc69e988683893ecbaae2576d49d4fff3e6ada9a027f09b7d061786aa533ec935,99.387267
30/04/2018 16:59,Send,EOS,Complete,,-78.7,0x53080Bc6764c07B9D7e8F008F3c27253B3fca98b,0x05d06be44b315b93fc705dd8627cee61c16693fbffb292ca21c307ac261928dd,1960.197229
30/04/2018 16:41,Send,EOS,Complete,,-1.3891268,0x53080Bc6764c07B9D7e8F008F3c27253B3fca98b,0x09350e8c436f343674040e1189fdb5c12b5472f8e7a3c9c28abced3ecd0d217c,35.211672
28/04/2018 13:09,Send,LTC,Complete,,-0.058,LQDeHiCkrTZJEiYHX3apgh8s6hJT9Z9BJr,61b5e4305df39b4b9384486df28919d3abdb7d0427075ac24333a58bb66d13ab,11.577717
28/04/2018 13:06,Send,LTC,Complete,,-3.002,LQDeHiCkrTZJEiYHX3apgh8s6hJT9Z9BJr,003eb565055578a550bc6d3258a0250749d918b79fad930e56b9be67b726a85f,599.661654
28/04/2018 12:23,Send,GAS,Complete,,-10,AZ4u1ErAgT1HxNVQLPve8KWUA5ABGejPv8,f6ae83ed175704f85d5216bca9074a8ffc1696d74c76596b11f1827c7d203279,357.028792
28/04/2018 11:25,Send,NEO,Complete,,-16,AZ4u1ErAgT1HxNVQLPve8KWUA5ABGejPv8,5af2209e353f180c252f67df4a1ec6b772956132d3b187ecc84ef7f5225dac8c,1578.263282
28/04/2018 10:42,Send,NEO,Complete,,-2,AZ4u1ErAgT1HxNVQLPve8KWUA5ABGejPv8,20385626018ece8e6ff9ede56950de268b76fa260faabdd5e502df9f0cb7bacd,197.743085
28/04/2018 9:50,Send,XRP,Complete,,-1586,rU2T6swGFbsiLSTxDmHtyFqaWQFqVQxy63,,1736.605291
28/04/2018 9:46,Send,XRP,Complete,,-83,rU2T6swGFbsiLSTxDmHtyFqaWQFqVQxy63,,91.509684
21/04/2018 8:09,Send,BTC,Complete,,-0.0505,1DSmZXwtv3JCaE5DDgM5Z4vsK1KtQVKzDg,ff4b94fb7795ac3722d18b150b4ec9c37af484fce0fe1e8221fd238c43ba98bd,574.128402
16/04/2018 21:54,Receive,GAS,Complete,,0.07253504,,,undefined
15/03/2018 16:22,Receive,GAS,Complete,,0.01117103,,,undefined
